Dates,Order ID,Ship Date,Ship Mode, Customer ID , Customer Name , Segment ,Product,Product ID,Salesman,Designation,Region,No. Customers, Net Sales , Profit / Loss 
1-Jan-12,1111,16-01-2012,Same Day,JA-HA-01,James Hansen,Consumer,Product1,P00001,Adam,Associate,North,8,7164.00, 844.2 
2-Jan-12,1112,17-01-2012,Second Class,DA-RI-01,David Ritter,Corporate,Product2,P00002,Adam,Associate,North,8,6528.00," 3,376.6 "
3-Jan-12,1113,18-01-2012,First Class,TO-RE-01,Tom Alter Reiter,Consumer,Product3,P00003,Adam,Associate,West,8,2520.00," 2,280.0 "
5-Jan-12,1115,20-01-2012,First Class,JA-MU-01,James Murray,Home Office,Product2,P00002,Adam,Associate,West,10,9660.00," 1,737.4 "
6-Jan-12,1116,21-01-2012,Same Day,AR-HA-01,Armando Hansen,Consumer,Product3,P00003,Adam,Associate,Middle,10,11550.00, 854.7 
7-Jan-12,1117,22-01-2012,Second Class,AU-MI-01,AUBREY Mitchum,Corporate,Product1,P00001,Adam,Associate,Middle,7,7896.00," 2,565.4 "
8-Jan-12,1118,23-01-2012,First Class,BA-SW-01,BASIL Swindell,Consumer,Product2,P00002,Adam,Associate,Middle,7,8095.50," 1,063.2 "
9-Jan-12,1119,24-01-2012,Standard Class,AU-BR-01,AUSTIN Brown,Consumer,Product3,P00003,Adam,Associate,North,8,12180.00," 1,864.0 "
10-Jan-12,1120,25-01-2012,Standard Class,BE-WA-01,BERNARD Waco,Corporate,Product1,P00001,Adam,Associate,North,6,4900.50," 2,653.6 "
11-Jan-12,1121,26-01-2012,Second Class,BL-HO-01,BLAKE Holt,Consumer,Product2,P00002,Adam,Associate,North,9,2277.00," 1,931.4 "
12-Jan-12,1122,27-01-2012,Second Class,SM-MA-01,SMITH Maxwell,Corporate,Product3,P00003,Adam,Associate,West,6,8032.50, 994.4 
13-Jan-12,1123,28-01-2012,First Class,JO-JA-01,JOHNSON Jacobs,Corporate,Product1,P00001,Adam,Associate,West,9,8046.00," 4,092.7 "
14-Jan-12,1124,29-01-2012,Second Class,WI-MO-01,WILLIAMS Morse,Consumer,Product2,P00002,Adam,Associate,West,6,11250.00," 1,900.8 "
15-Jan-12,1125,30-01-2012,Same Day,BR-FR-01,BROWN Freymann,Home Office,Product3,P00003,Adam,Associate,Middle,7,6189.75," 2,722.9 "
16-Jan-12,1126,31-01-2012,Second Class,JO-FU-01,JONES Fuller,Consumer,Product1,P00001,Adam,Associate,Middle,7,2908.50," 1,140.7 "
17-Jan-12,1127,01-02-2012,Second Class,MI-PE-01,MILLER Peterman,Corporate,Product2,P00002,Adam,Associate,Middle,6,2214.00," 2,828.6 "
18-Jan-12,1128,02-02-2012,Second Class,DA-BO-01,DAVIS Boland,Corporate,Product3,P00003,Adam,Associate,North,9,8829.00," 4,189.4 "
19-Jan-12,1129,03-02-2012,Standard Class,GA-JO-01,GARCIA Jones,Corporate,Product1,P00001,Adam,Associate,North,10,9120.00," 3,569.3 "
20-Jan-12,1130,04-02-2012,First Class,RO-SI-01,RODRIGUEZ Sink,Corporate,Product2,P00002,Adam,Associate,North,6,2173.50," 3,709.1 "
21-Jan-12,1131,05-02-2012,Second Class,WI-HI-01,WILSON Hightower,Consumer,Product3,P00003,Adam,Associate,West,10,5600.00," 4,516.4 "
22-Jan-12,1132,06-02-2012,First Class,MA-BL-01,MARTINEZ Blume,Corporate,Product1,P00001,Adam,Associate,West,6,4608.00," 2,575.4 "
23-Jan-12,1133,07-02-2012,First Class,AN-AN-01,ANDERSON Ann,Consumer,Product2,P00002,Adam,Associate,West,8,5508.00," 1,965.3 "
24-Jan-12,1134,08-02-2012,First Class,TA-KL-01,TAYLOR Klamczynski,Corporate,Product3,P00003,Adam,Associate,Middle,9,12735.00," 3,907.1 "
25-Jan-12,1135,09-02-2012,Second Class,TH-BE-01,THOMAS Beltran,Home Office,Product1,P00001,Adam,Associate,Middle,10,13575.00," 1,992.8 "
26-Jan-12,1136,10-02-2012,First Class,HE-PA-01,HERNANDEZ Patel,Consumer,Product2,P00002,Adam,Associate,Middle,9,8892.00," 3,084.6 "
27-Jan-12,1137,11-02-2012,First Class,MO-DO-01,MOORE Dominguez,Consumer,Product3,P00003,Adam,Associate,North,9,6196.50," 3,112.7 "
28-Jan-12,1138,12-02-2012,First Class,MA-BR-01,MARTIN Breyer,Corporate,Product1,P00001,Adam,Associate,North,7,4063.50, 709.7 
29-Jan-12,1139,13-02-2012,Second Class,JA-BA-01,JACKSON Barchas,Consumer,Product2,P00002,Adam,Associate,North,9,4464.00," 2,483.5 "
30-Jan-12,1140,14-02-2012,First Class,TH-FE-01,THOMPSON Ferguson,Home Office,Product3,P00003,Adam,Associate,West,10,10350.00," 4,514.7 "
31-Jan-12,1141,15-02-2012,Same Day,WH-PA-01,WHITE Patterson,Consumer,Product1,P00001,Adam,Associate,West,10,8680.00," 2,494.6 "
1-Feb-12,1142,16-02-2012,Second Class,LO-RE-01,LOPEZ Reed,Corporate,Product2,P00002,Adam,Associate,West,9,13050.00," 2,179.4 "
2-Feb-12,1143,17-02-2012,First Class,LE-SH-01,LEE Shonely,Corporate,Product3,P00003,Adam,Associate,Middle,8,2312.00, 999.9 
3-Feb-12,1144,18-02-2012,Same Day,GO-EA-01,GONZALEZ Eaton,Consumer,Product1,P00001,Adam,Associate,Middle,6,3060.00, 461.6 
4-Feb-12,1145,19-02-2012,Second Class,MO-PO-01,MORENO Poirier,Corporate,Product2,P00002,Adam,Associate,Middle,8,9810.00, 744.8 
5-Feb-12,1146,20-02-2012,Second Class,SC-PR-01,SCHMIDT Preis,Consumer,Product3,P00003,Adam,Associate,North,10,8120.00," 2,571.8 "
6-Feb-12,1147,21-02-2012,First Class,PA-HA-01,PATEL Hawkins,Corporate,Product1,P00001,Adam,Associate,North,7,6520.50," 1,443.6 "
7-Feb-12,1148,22-02-2012,Same Day,FE-MA-01,FERGUSON Martin,Consumer,Product2,P00002,Adam,Associate,North,6,12060.00," 4,258.6 "
8-Feb-12,1149,23-02-2012,Same Day,NI-TH-01,NICHOLS Thornton,Corporate,Product3,P00003,Adam,Associate,West,8,8544.00," 3,347.1 "
9-Feb-12,1150,24-02-2012,Standard Class,HE-O'-01,HERRERA O'Donnell,Consumer,Product1,P00001,Adam,Associate,West,7,7024.50," 2,027.7 "
10-Feb-12,1151,25-02-2012,First Class,ME-LA-01,MEDINA Lawera,Consumer,Product2,P00002,Adam,Associate,West,7,14017.50," 3,352.4 "
11-Feb-12,1152,26-02-2012,Standard Class,RY-BE-01,RYAN Bell-,Consumer,Product3,P00003,Adam,Associate,Middle,8,4056.00," 1,843.5 "
12-Feb-12,1153,27-02-2012,Standard Class,FE-FR-01,FERNANDEZ Franz,Home Office,Product1,P00001,Adam,Associate,Middle,7,2730.00," 4,393.1 "
13-Feb-12,1154,28-02-2012,Second Class,WE-GR-01,WEAVER Grady,Corporate,Product2,P00002,Adam,Associate,Middle,6,6804.00," 3,755.8 "
14-Feb-12,1155,29-02-2012,Standard Class,DA-TR-01,DANIELS Tran,Consumer,Product3,P00003,Adam,Associate,North,7,8778.00," 1,690.6 "
15-Feb-12,1156,01-03-2012,First Class,ST-CA-01,STEPHENS Carroll,Consumer,Product1,P00001,Adam,Associate,North,8,2304.00," 1,475.9 "
16-Feb-12,1157,02-03-2012,Standard Class,GA-CH-01,GARDNER Chand,Consumer,Product2,P00002,Adam,Associate,North,10,9150.00," 1,103.1 "
17-Feb-12,1158,03-03-2012,Same Day,PA-BA-01,PAYNE Ballard,Corporate,Product3,P00003,Adam,Associate,West,8,7584.00," 1,378.8 "
18-Feb-12,1159,04-03-2012,First Class,KE-PR-01,KELLEY Prichep,Consumer,Product1,P00001,Adam,Associate,West,10,14900.00, 985.5 
19-Feb-12,1160,05-03-2012,Same Day,DU-WI-01,DUNN Williamson,Consumer,Product2,P00002,Adam,Associate,West,6,8964.00, 877.4 
20-Feb-12,1161,06-03-2012,Second Class,PI-HU-01,PIERCE Huston,Consumer,Product3,P00003,Adam,Associate,Middle,9,2079.00," 2,799.2 "
21-Feb-12,1162,07-03-2012,First Class,AR-CR-01,ARNOLD Creighton,Consumer,Product1,P00001,Adam,Associate,Middle,6,2412.00," 2,078.2 "
22-Feb-12,1163,08-03-2012,First Class,TR-GL-01,TRAN Glocke,Consumer,Product2,P00002,Adam,Associate,Middle,7,4189.50," 2,660.3 "
23-Feb-12,1164,09-03-2012,Same Day,SP-RY-01,SPENCER Ryan,Corporate,Product3,P00003,Adam,Associate,North,8,10080.00," 1,541.4 "
24-Feb-12,1165,10-03-2012,First Class,PE-BR-01,PETERS Breyer,Corporate,Product1,P00001,Adam,Associate,North,9,5076.00," 1,053.3 "
25-Feb-12,1166,11-03-2012,Same Day,HA-GR-01,HAWKINS Greer,Corporate,Product2,P00002,Adam,Associate,North,6,9315.00," 4,057.6 "
26-Feb-12,1167,12-03-2012,First Class,GR-GO-01,GRANT Gordon,Consumer,Product3,P00003,Adam,Associate,West,10,11280.00," 4,693.9 "
27-Feb-12,1168,13-03-2012,First Class,HA-HO-01,HANSEN Hopkins,Corporate,Product1,P00001,Adam,Associate,West,7,8946.00, 909.8 
28-Feb-12,1169,14-03-2012,Second Class,CA-PH-01,CASTRO Phonely,Corporate,Product2,P00002,Adam,Associate,West,8,8568.00," 3,129.0 "
1-Mar-12,1170,16-03-2012,First Class,HO-WE-01,HOFFMAN Webber,Consumer,Product3,P00003,Adam,Associate,Middle,8,2178.00," 2,062.8 "
2-Mar-12,1171,17-03-2012,Second Class,HA-O'-01,HART O'Brill,Consumer,Product1,P00001,Adam,Associate,Middle,9,8100.00," 2,295.9 "
3-Mar-12,1172,18-03-2012,Second Class,EL-SA-01,ELLIOTT Sachs,Consumer,Product2,P00002,Adam,Associate,Middle,9,2106.00," 4,223.6 "
4-Mar-12,1173,19-03-2012,Same Day,CU-DA-01,CUNNINGHAM Dawkins,Corporate,Product3,P00003,Adam,Associate,North,10,8480.00," 1,349.2 "
5-Mar-12,1174,20-03-2012,Second Class,KN-ST-01,KNIGHT Stewart,Corporate,Product1,P00001,Adam,Associate,North,6,5220.00," 1,052.9 "
1-Jan-12,1301,16-01-2012,Standard Class,WH-MC-01,WHITE McCarthy,Corporate,Product2,P00002,Calvin,Sr. Associate,North,7,4998.00," 2,362.3 "
2-Jan-12,1302,17-01-2012,Standard Class,LO-FR-01,LOPEZ Frazer,Consumer,Product3,P00003,Calvin,Sr. Associate,West,7,2152.50," 1,987.6 "
3-Jan-12,1303,18-01-2012,Standard Class,LE-BE-01,LEE Bergman,Consumer,Product1,P00001,Calvin,Sr. Associate,West,6,6358.50," 2,738.6 "
5-Jan-12,1304,20-01-2012,Second Class,GO-GA-01,GONZALEZ Galang,Consumer,Product2,P00002,Calvin,Sr. Associate,West,9,5292.00," 2,858.5 "
6-Jan-12,1305,21-01-2012,Second Class,MO-PA-01,MORENO Pardue,Home Office,Product3,P00003,Calvin,Sr. Associate,Middle,10,11000.00," 5,031.1 "
7-Jan-12,1306,22-01-2012,Second Class,SC-GR-01,SCHMIDT Grayson,Consumer,Product1,P00001,Calvin,Sr. Associate,Middle,8,11640.00," 2,975.9 "
8-Jan-12,1307,23-01-2012,First Class,PA-KE-01,PATEL Kelly,Corporate,Product2,P00002,Calvin,Sr. Associate,Middle,10,13050.00," 1,787.3 "
9-Jan-12,1308,24-01-2012,Same Day,FE-FR-01,FERGUSON Franz�sisch,Home Office,Product3,P00003,Calvin,Sr. Associate,North,7,7812.00," 1,340.5 "
10-Jan-12,1309,25-01-2012,Standard Class,NI-CA-01,NICHOLS Carroll,Corporate,Product1,P00001,Calvin,Sr. Associate,North,10,14800.00," 5,459.7 "
11-Jan-12,1310,26-01-2012,Second Class,HE-RA-01,HERRERA Raglin,Home Office,Product2,P00002,Calvin,Sr. Associate,North,8,13020.00," 4,005.0 "
12-Jan-12,1311,27-01-2012,Same Day,ME-BA-01,MEDINA Balk,Corporate,Product3,P00003,Calvin,Sr. Associate,West,8,9000.00, 688.9 
13-Jan-12,1312,28-01-2012,Same Day,RY-MA-01,RYAN Mautz,Home Office,Product1,P00001,Calvin,Sr. Associate,West,10,7155.00," 4,222.6 "
14-Jan-12,1313,29-01-2012,Standard Class,FE-AS-01,FERNANDEZ Ashbrook,Home Office,Product2,P00002,Calvin,Sr. Associate,West,9,2227.50, 962.3 
15-Jan-12,1314,30-01-2012,Standard Class,WE-PA-01,WEAVER Paige,Consumer,Product3,P00003,Calvin,Sr. Associate,Middle,8,6240.00," 3,458.0 "
16-Jan-12,1315,31-01-2012,First Class,DA-CO-01,DANIELS Collister,Consumer,Product1,P00001,Calvin,Sr. Associate,Middle,10,10840.00," 3,327.6 "
17-Jan-12,1316,01-02-2012,First Class,ST-AR-01,STEPHENS Armstrong,Home Office,Product2,P00002,Calvin,Sr. Associate,Middle,8,6288.00," 3,818.9 "
18-Jan-12,1317,02-02-2012,Standard Class,GA-BE-01,GARDNER Beeghly,Consumer,Product3,P00003,Calvin,Sr. Associate,North,10,4815.00," 2,963.6 "
19-Jan-12,1318,03-02-2012,Standard Class,PA-RO-01,PAYNE Roelle,Home Office,Product1,P00001,Calvin,Sr. Associate,North,9,4014.00," 3,576.5 "
20-Jan-12,1319,04-02-2012,First Class,KE-HU-01,KELLEY Huthwaite,Home Office,Product2,P00002,Calvin,Sr. Associate,North,10,8520.00," 1,722.7 "
21-Jan-12,1320,05-02-2012,Same Day,DU-HU-01,DUNN Hughes,Consumer,Product3,P00003,Calvin,Sr. Associate,West,6,3321.00," 1,405.8 "
22-Jan-12,1321,06-02-2012,Same Day,PI-GA-01,PIERCE Galang,Consumer,Product1,P00001,Calvin,Sr. Associate,West,9,6021.00, 669.3 
23-Jan-12,1322,07-02-2012,First Class,AR-BL-01,ARNOLD Black,Corporate,Product2,P00002,Calvin,Sr. Associate,West,8,3912.00," 3,793.7 "
24-Jan-12,1323,08-02-2012,Same Day,TR-HA-01,TRAN Haushalter,Consumer,Product3,P00003,Calvin,Sr. Associate,Middle,8,5640.00," 4,190.5 "
25-Jan-12,1324,09-02-2012,Same Day,SP-MC-01,SPENCER McCrary,Corporate,Product1,P00001,Calvin,Sr. Associate,Middle,8,2214.00," 3,838.2 "
26-Jan-12,1325,10-02-2012,Same Day,PE-ZE-01,PETERS Zewe,Corporate,Product2,P00002,Calvin,Sr. Associate,Middle,7,4130.00," 3,244.5 "
27-Jan-12,1326,11-02-2012,Second Class,HA-MO-01,HAWKINS Monton,Corporate,Product3,P00003,Calvin,Sr. Associate,North,10,4995.00, 534.8 
28-Jan-12,1327,12-02-2012,Standard Class,GR-AD-01,GRANT Adams,Corporate,Product1,P00001,Calvin,Sr. Associate,North,9,8343.00," 1,025.9 "
29-Jan-12,1328,13-02-2012,Same Day,HA-CH-01,HANSEN Christensen,Consumer,Product2,P00002,Calvin,Sr. Associate,North,10,5610.00," 6,250.9 "
30-Jan-12,1329,14-02-2012,First Class,CA-HE-01,CASTRO Hernandez,Home Office,Product3,P00003,Calvin,Sr. Associate,West,9,5022.00," 3,887.0 "
31-Jan-12,1330,15-02-2012,First Class,HO-SE-01,HOFFMAN Seio,Corporate,Product1,P00001,Calvin,Sr. Associate,West,6,6426.00," 1,378.7 "
1-Feb-12,1331,16-02-2012,First Class,HA-GE-01,HART Geld,Consumer,Product2,P00002,Calvin,Sr. Associate,West,9,6682.50," 1,449.7 "
2-Feb-12,1332,17-02-2012,Second Class,EL-RO-01,ELLIOTT Roper,Home Office,Product3,P00003,Calvin,Sr. Associate,Middle,6,3969.00," 2,043.2 "
3-Feb-12,1333,18-02-2012,First Class,CU-BR-01,CUNNINGHAM Brittain,Consumer,Product1,P00001,Calvin,Sr. Associate,Middle,7,11760.00," 2,367.3 "
4-Feb-12,1334,19-02-2012,First Class,KN-KI-01,KNIGHT Kipp,Consumer,Product2,P00002,Calvin,Sr. Associate,Middle,7,2740.50," 4,874.0 "
5-Feb-12,1335,20-02-2012,Standard Class,BR-LE-01,BRADLEY Lee,Consumer,Product3,P00003,Calvin,Sr. Associate,North,9,5292.00," 2,046.4 "
6-Feb-12,1336,21-02-2012,Standard Class,CA-PR-01,CARROLL Pryor,Home Office,Product1,P00001,Calvin,Sr. Associate,North,8,6264.00, 628.1 
7-Feb-12,1337,22-02-2012,Standard Class,HU-RE-01,HUDSON Reiten,Home Office,Product2,P00002,Calvin,Sr. Associate,North,8,9408.00," 4,139.5 "
8-Feb-12,1338,23-02-2012,Second Class,DU-FO-01,DUNCAN Folk,Consumer,Product3,P00003,Calvin,Sr. Associate,West,6,12465.00," 2,679.0 "
9-Feb-12,1339,24-02-2012,First Class,AR-MO-01,ARMSTRONG Molinari,Corporate,Product1,P00001,Calvin,Sr. Associate,West,6,6075.00," 1,844.4 "
10-Feb-12,1340,25-02-2012,Same Day,BE-MA-01,BERRY Mautz,Home Office,Product2,P00002,Calvin,Sr. Associate,West,7,5922.00," 2,894.7 "
11-Feb-12,1341,26-02-2012,Second Class,AN-WI-01,ANDREWS Willingham,Home Office,Product3,P00003,Calvin,Sr. Associate,Middle,6,8325.00, 614.9 
12-Feb-12,1342,27-02-2012,First Class,JO-BR-01,JOHNSTON Bradley,Consumer,Product1,P00001,Calvin,Sr. Associate,Middle,10,2020.00," 1,382.9 "
13-Feb-12,1343,28-02-2012,Standard Class,RA-SE-01,RAY Sewall,Home Office,Product2,P00002,Calvin,Sr. Associate,Middle,7,3801.00," 2,510.9 "
14-Feb-12,1344,29-02-2012,Second Class,LA-AI-01,LANE Airdo,Consumer,Product3,P00003,Calvin,Sr. Associate,North,8,5568.00," 1,955.5 "
15-Feb-12,1345,01-03-2012,Second Class,RI-BE-01,RILEY Bellavance,Home Office,Product1,P00001,Calvin,Sr. Associate,North,8,5292.00," 3,085.2 "
16-Feb-12,1346,02-03-2012,First Class,CA-RA-01,CARPENTER Radford,Consumer,Product2,P00002,Calvin,Sr. Associate,North,10,6540.00," 1,282.2 "
17-Feb-12,1347,03-03-2012,Second Class,PE-DO-01,PERKINS Dona,Consumer,Product3,P00003,Calvin,Sr. Associate,West,10,7920.00," 3,198.9 "
18-Feb-12,1348,04-03-2012,Standard Class,AG-KR-01,AGUILAR Kriz,Consumer,Product1,P00001,Calvin,Sr. Associate,West,10,2280.00," 2,978.1 "
19-Feb-12,1349,05-03-2012,Second Class,SI-BA-01,SILVA Ballard,Corporate,Product2,P00002,Calvin,Sr. Associate,West,7,8741.25," 1,502.8 "
20-Feb-12,1350,06-03-2012,First Class,RI-PI-01,RICHARDS Pippenger,Consumer,Product3,P00003,Calvin,Sr. Associate,Middle,6,3168.00," 2,526.8 "
21-Feb-12,1351,07-03-2012,Same Day,WI-KR-01,WILLIS Kriz,Home Office,Product1,P00001,Calvin,Sr. Associate,Middle,6,11475.00," 4,240.0 "
22-Feb-12,1352,08-03-2012,First Class,JA-DA-01,James Daly,Consumer,Product2,P00002,Calvin,Sr. Associate,Middle,9,4333.50," 1,783.2 "
23-Feb-12,1353,09-03-2012,Standard Class,DA-LE-01,David Lee,Consumer,Product3,P00003,Calvin,Sr. Associate,North,9,5778.00," 1,758.8 "
24-Feb-12,1354,10-03-2012,Second Class,TO-PH-01,Tom Alter Phan,Consumer,Product1,P00001,Calvin,Sr. Associate,North,9,12285.00," 1,560.7 "
25-Feb-12,1355,11-03-2012,First Class,JA-SC-01,James Schwartz,Consumer,Product2,P00002,Calvin,Sr. Associate,North,6,1782.00," 3,026.7 "
26-Feb-12,1356,12-03-2012,First Class,AR-MI-01,Armando Mitchell,Home Office,Product3,P00003,Calvin,Sr. Associate,West,9,14310.00," 4,742.9 "
27-Feb-12,1357,13-03-2012,Second Class,AU-CR-01,AUBREY Creighton,Corporate,Product1,P00001,Calvin,Sr. Associate,West,6,1962.00," 2,316.7 "
28-Feb-12,1358,14-03-2012,Standard Class,BA-BE-01,BASIL Bell,Corporate,Product2,P00002,Calvin,Sr. Associate,West,9,12465.00," 4,464.5 "
1-Mar-12,1359,16-03-2012,Second Class,AU-WI-01,AUSTIN Willingham,Home Office,Product3,P00003,Calvin,Sr. Associate,Middle,7,7182.00," 3,926.2 "
2-Mar-12,1360,17-03-2012,First Class,BE-HI-01,BERNARD Hirsh,Consumer,Product1,P00001,Calvin,Sr. Associate,Middle,8,1548.00, 683.8 
3-Mar-12,1361,18-03-2012,Second Class,BL-TR-01,BLAKE Tran,Home Office,Product2,P00002,Calvin,Sr. Associate,Middle,6,3906.00," 1,462.4 "
4-Mar-12,1362,19-03-2012,First Class,SM-BA-01,SMITH Barton,Consumer,Product3,P00003,Calvin,Sr. Associate,North,7,1753.50," 2,914.3 "
5-Mar-12,1363,20-03-2012,Second Class,JO-AR-01,JOHNSON Armstrong,Corporate,Product1,P00001,Calvin,Sr. Associate,North,9,5994.00," 2,626.6 "
1-Jan-12,1853,16-01-2012,First Class,HO-BR-01,HOFFMAN Braden,Consumer,Product2,P00002,Daniel,Associate,West,6,2200.50," 1,727.8 "
2-Jan-12,1488,17-01-2012,Second Class,HA-SC-01,HART Schnelling,Consumer,Product3,P00003,Daniel,Associate,North,6,3888.00, 850.9 
3-Jan-12,1854,18-01-2012,Second Class,EL-FO-01,ELLIOTT Foster,Consumer,Product3,P00003,Daniel,Associate,Middle,7,5985.00," 3,432.4 "
5-Jan-12,1489,20-01-2012,Same Day,CU-GU-01,CUNNINGHAM Guthrie,Corporate,Product1,P00001,Daniel,Associate,North,9,7047.00, 984.5 
6-Jan-12,1855,21-01-2012,Second Class,KN-NO-01,KNIGHT Norvell,Corporate,Product1,P00001,Daniel,Associate,Middle,7,5575.50, 737.6 
7-Jan-12,1490,22-01-2012,Second Class,BR-MU-01,BRADLEY Mull,Consumer,Product2,P00002,Daniel,Associate,North,9,8221.50," 2,760.0 "
8-Jan-12,1856,23-01-2012,First Class,CA-ST-01,CARROLL Stugart,Consumer,Product2,P00002,Daniel,Associate,Middle,7,5071.50," 3,292.2 "
9-Jan-12,1491,24-01-2012,Standard Class,HU-CO-01,HUDSON Cox,Consumer,Product3,P00003,Daniel,Associate,West,10,7200.00, 702.9 
10-Jan-12,1857,25-01-2012,First Class,DU-KA-01,DUNCAN Kastensmidt,Consumer,Product3,P00003,Daniel,Associate,North,6,7074.00," 1,647.8 "
11-Jan-12,1492,26-01-2012,Second Class,AR-DE-01,ARMSTRONG Deggeller,Corporate,Product1,P00001,Daniel,Associate,West,9,5220.00," 1,927.2 "
12-Jan-12,1858,27-01-2012,First Class,BE-CH-01,BERRY Cheatham,Consumer,Product1,P00001,Daniel,Associate,North,9,13050.00," 5,495.4 "
13-Jan-12,1493,28-01-2012,First Class,AN-SE-01,ANDREWS Seite,Consumer,Product2,P00002,Daniel,Associate,West,8,8388.00," 1,038.4 "
14-Jan-12,1859,29-01-2012,Standard Class,JO-MC-01,JOHNSTON McNair,Corporate,Product2,P00002,Daniel,Associate,North,7,9240.00, 987.3 
15-Jan-12,1494,30-01-2012,Standard Class,RA-TR-01,RAY Tran,Consumer,Product3,P00003,Daniel,Associate,Middle,6,1989.00," 1,436.9 "
16-Jan-12,1860,31-01-2012,Standard Class,LA-LE-01,LANE Leslie,Home Office,Product3,P00003,Daniel,Associate,West,8,2436.00," 3,756.3 "
17-Jan-12,1495,01-02-2012,Second Class,RI-MO-01,RILEY Moore,Consumer,Product1,P00001,Daniel,Associate,Middle,9,8221.50," 2,519.9 "
18-Jan-12,1861,02-02-2012,First Class,CA-MC-01,CARPENTER McCrossin,Consumer,Product1,P00001,Daniel,Associate,West,8,6048.00," 2,732.2 "
19-Jan-12,1496,03-02-2012,Second Class,PE-BR-01,PERKINS Brooks,Consumer,Product2,P00002,Daniel,Associate,Middle,7,2037.00," 1,801.1 "
20-Jan-12,1862,04-02-2012,Same Day,AG-WA-01,AGUILAR Waco,Corporate,Product2,P00002,Daniel,Associate,West,7,2394.00," 3,850.7 "
21-Jan-12,1497,05-02-2012,Standard Class,SI-NO-01,SILVA Norvell,Corporate,Product3,P00003,Daniel,Associate,North,9,10044.00," 2,253.4 "
22-Jan-12,1863,06-02-2012,First Class,RI-CA-01,RICHARDS Castell,Consumer,Product3,P00003,Daniel,Associate,Middle,7,2614.50," 1,091.8 "
23-Jan-12,1498,07-02-2012,Standard Class,WI-LO-01,WILLIS Lopez,Consumer,Product1,P00001,Daniel,Associate,North,6,5062.50," 1,708.6 "
24-Jan-12,1864,08-02-2012,First Class,JA-HE-01,James Hernandez,Consumer,Product1,P00001,Daniel,Associate,Middle,8,2052.00," 2,596.2 "
25-Jan-12,1499,09-02-2012,Second Class,DA-VA-01,David Van,Corporate,Product2,P00002,Daniel,Associate,North,10,1755.00," 2,730.8 "
26-Jan-12,1865,10-02-2012,Standard Class,TO-TA-01,Tom Alter Talbott,Home Office,Product2,P00002,Daniel,Associate,Middle,8,4496.00," 4,094.7 "
27-Jan-12,1500,11-02-2012,First Class,JA-MO-01,James Moss,Corporate,Product3,P00003,Daniel,Associate,West,9,2929.50," 1,156.3 "
28-Jan-12,1866,12-02-2012,First Class,AR-GA-01,Armando Gastineau,Corporate,Product3,P00003,Daniel,Associate,North,10,14550.00," 3,128.0 "
29-Jan-12,1501,13-02-2012,First Class,AU-BA-01,AUBREY Barcio,Home Office,Product1,P00001,Daniel,Associate,West,7,4158.00," 2,585.9 "
30-Jan-12,1867,14-02-2012,Standard Class,BA-CA-01,BASIL Carlisle,Home Office,Product1,P00001,Daniel,Associate,North,8,10440.00," 3,660.3 "
31-Jan-12,1502,15-02-2012,Second Class,AU-TH-01,AUSTIN Thornton,Consumer,Product2,P00002,Daniel,Associate,West,6,6561.00," 3,494.8 "
1-Feb-12,1868,16-02-2012,First Class,BE-YE-01,BERNARD Yedwab,Corporate,Product2,P00002,Daniel,Associate,North,8,8496.00," 4,378.6 "
2-Feb-12,1503,17-02-2012,Second Class,BL-JO-01,BLAKE Jordon,Consumer,Product3,P00003,Daniel,Associate,Middle,7,4515.00, 786.1 
3-Feb-12,1869,18-02-2012,Standard Class,SM-BZ-01,SMITH Bzostek,Home Office,Product3,P00003,Daniel,Associate,West,9,5143.50, 733.8 
4-Feb-12,1504,19-02-2012,First Class,JO-PA-01,JOHNSON Patterson,Consumer,Product1,P00001,Daniel,Associate,Middle,9,12195.00," 3,248.0 "
5-Feb-12,1870,20-02-2012,First Class,WI-WA-01,WILLIAMS Waldorf,Consumer,Product1,P00001,Daniel,Associate,West,10,10560.00," 5,089.9 "
6-Feb-12,1505,21-02-2012,Standard Class,BR-WI-01,BROWN Wilson,Corporate,Product2,P00002,Daniel,Associate,Middle,9,11475.00," 1,964.1 "
7-Feb-12,1871,22-02-2012,Second Class,JO-BO-01,JONES Bolton,Home Office,Product2,P00002,Daniel,Associate,West,9,2146.50," 4,820.0 "
8-Feb-12,1506,23-02-2012,Standard Class,MI-KE-01,MILLER Kendrick,Corporate,Product3,P00003,Daniel,Associate,North,7,7014.00," 2,304.8 "
9-Feb-12,1872,24-02-2012,Second Class,DA-WI-01,DAVIS Wilson,Corporate,Product3,P00003,Daniel,Associate,Middle,7,5386.50," 3,228.3 "
10-Feb-12,1507,25-02-2012,First Class,GA-SE-01,GARCIA Sewall,Home Office,Product1,P00001,Daniel,Associate,North,9,1809.00, 672.2 
11-Feb-12,1873,26-02-2012,First Class,RO-PA-01,RODRIGUEZ Packer,Home Office,Product1,P00001,Daniel,Associate,Middle,6,7344.00," 1,633.8 "
12-Feb-12,1508,27-02-2012,Same Day,WI-BR-01,WILSON Brown,Consumer,Product2,P00002,Daniel,Associate,North,7,8426.25," 1,156.1 "
13-Feb-12,1874,28-02-2012,Standard Class,MA-O'-01,MARTINEZ O'Connel,Home Office,Product2,P00002,Daniel,Associate,Middle,6,7533.00," 4,375.4 "
14-Feb-12,1509,29-02-2012,First Class,AN-FR-01,ANDERSON Franz�sisch,Home Office,Product3,P00003,Daniel,Associate,West,9,7695.00," 1,579.0 "
15-Feb-12,1510,01-03-2012,Same Day,TA-RE-01,TAYLOR Reese,Home Office,Product1,P00001,Daniel,Associate,West,9,5886.00," 2,674.3 "
16-Feb-12,1511,02-03-2012,Standard Class,TH-BR-01,THOMAS Brittain,Consumer,Product2,P00002,Daniel,Associate,West,7,9345.00," 3,895.9 "
17-Feb-12,1512,03-03-2012,Second Class,HE-CA-01,HERNANDEZ Carlisle,Consumer,Product3,P00003,Daniel,Associate,Middle,8,8256.00," 3,389.1 "
18-Feb-12,1513,04-03-2012,Standard Class,MO-AU-01,MOORE Ausman,Corporate,Product1,P00001,Daniel,Associate,Middle,8,4356.00," 3,644.9 "
19-Feb-12,1514,05-03-2012,Second Class,MA-GO-01,MARTIN Gockenbach,Consumer,Product2,P00002,Daniel,Associate,Middle,8,14880.00," 5,200.6 "
20-Feb-12,1884,06-03-2012,Standard Class,JA-EL-01,JACKSON Ellison,Corporate,Product3,P00003,Daniel,Associate,North,6,1674.00, 576.9 
21-Feb-12,1885,07-03-2012,Standard Class,TH-KR-01,THOMPSON Krohn,Consumer,Product1,P00001,Daniel,Associate,North,10,13050.00, 877.2 
22-Feb-12,1886,08-03-2012,Standard Class,WH-MU-01,WHITE Murdock,Consumer,Product2,P00002,Daniel,Associate,North,7,11214.00," 3,310.4 "
23-Feb-12,1887,09-03-2012,Standard Class,LO-JO-01,LOPEZ Joy,Corporate,Product3,P00003,Daniel,Associate,West,8,3168.00," 2,676.3 "
24-Feb-12,1888,10-03-2012,Second Class,LE-DA-01,LEE Daly,Consumer,Product1,P00001,Daniel,Associate,West,7,13860.00," 1,744.7 "
25-Feb-12,1889,11-03-2012,Standard Class,GO-OD-01,GONZALEZ Odegard,Consumer,Product2,P00002,Daniel,Associate,West,6,1728.00," 2,136.8 "
26-Feb-12,1524,12-03-2012,Second Class,MO-WE-01,MORENO Weiss,Consumer,Product3,P00003,Daniel,Associate,North,6,6507.00," 2,487.6 "
27-Feb-12,1890,13-03-2012,Same Day,SC-JO-01,SCHMIDT Johnson,Consumer,Product3,P00003,Daniel,Associate,Middle,10,2505.00, 919.6 
28-Feb-12,1525,14-03-2012,First Class,PA-MI-01,PATEL Miller,Consumer,Product1,P00001,Daniel,Associate,North,10,11700.00, 898.1 
1-Mar-12,1891,16-03-2012,First Class,FE-VI-01,FERGUSON Visinsky,Consumer,Product1,P00001,Daniel,Associate,Middle,6,10710.00," 3,991.6 "
2-Mar-12,1526,17-03-2012,Same Day,NI-GI-01,NICHOLS Gillingham,Corporate,Product2,P00002,Daniel,Associate,North,6,7290.00," 3,225.1 "
3-Mar-12,1892,18-03-2012,Second Class,HE-SI-01,HERRERA Sievert,Consumer,Product2,P00002,Daniel,Associate,Middle,9,2085.75, 839.3 
4-Mar-12,1527,19-03-2012,First Class,ME-CO-01,MEDINA Cousins,Corporate,Product3,P00003,Daniel,Associate,West,9,2358.00, 970.1 
5-Mar-12,1893,20-03-2012,Standard Class,RY-DE-01,RYAN Derr,Consumer,Product3,P00003,Daniel,Associate,North,9,8829.00, 833.9 
1-Jan-12,2037,16-01-2012,Standard Class,AU-WA-01,AUSTIN Watters,Corporate,Product3,P00003,Henry,Associate,North,7,10552.50," 2,601.0 "
2-Jan-12,1673,17-01-2012,Second Class,BE-MC-01,BERNARD McAfee,Consumer,Product2,P00002,Henry,Associate,West,8,6528.00," 3,850.4 "
3-Jan-12,2038,18-01-2012,Second Class,BL-WO-01,BLAKE Workman,Corporate,Product1,P00001,Henry,Associate,North,7,10710.00," 1,105.5 "
5-Jan-12,1674,20-01-2012,Same Day,SM-DO-01,SMITH Dowd,Consumer,Product3,P00003,Henry,Associate,Middle,10,10000.00," 1,871.4 "
6-Jan-12,2039,21-01-2012,First Class,JO-ST-01,JOHNSON Stevenson,Consumer,Product2,P00002,Henry,Associate,North,9,9045.00, 546.0 
7-Jan-12,1675,22-01-2012,Standard Class,WI-TH-01,WILLIAMS Thompson,Consumer,Product1,P00001,Henry,Associate,Middle,10,10800.00," 5,366.3 "
8-Jan-12,2040,23-01-2012,Same Day,BR-GO-01,BROWN Gordon,Consumer,Product3,P00003,Henry,Associate,West,8,9248.00, 985.1 
9-Jan-12,1676,24-01-2012,First Class,JO-CO-01,JONES Cox,Consumer,Product2,P00002,Henry,Associate,Middle,8,4496.00," 2,527.0 "
10-Jan-12,2041,25-01-2012,First Class,MI-BO-01,MILLER Boland,Corporate,Product1,P00001,Henry,Associate,West,9,7074.00," 3,631.6 "
11-Jan-12,1677,26-01-2012,Standard Class,DA-DO-01,DAVIS Dominguez,Corporate,Product3,P00003,Henry,Associate,North,6,2223.00," 1,443.2 "
12-Jan-12,2042,27-01-2012,First Class,GA-HI-01,GARCIA Hirsh,Consumer,Product2,P00002,Henry,Associate,West,10,1920.00," 1,381.2 "
13-Jan-12,1678,28-01-2012,Second Class,RO-CR-01,RODRIGUEZ Crestani,Consumer,Product1,P00001,Henry,Associate,North,9,4428.00," 2,357.2 "
14-Jan-12,2043,29-01-2012,Standard Class,WI-PR-01,WILSON Preis,Consumer,Product3,P00003,Henry,Associate,Middle,9,3834.00," 2,080.7 "
15-Jan-12,1679,30-01-2012,Standard Class,MA-SU-01,MARTINEZ Sumrall,Corporate,Product2,P00002,Henry,Associate,North,8,7704.00," 1,808.5 "
16-Jan-12,2044,31-01-2012,Standard Class,AN-LA-01,ANDERSON LaWare,Consumer,Product1,P00001,Henry,Associate,Middle,7,4788.00," 3,173.6 "
17-Jan-12,1680,01-02-2012,First Class,TA-YE-01,TAYLOR Yedwab,Corporate,Product3,P00003,Henry,Associate,West,8,6696.00," 1,755.2 "
18-Jan-12,2045,02-02-2012,Standard Class,TH-TR-01,THOMAS Trevino,Consumer,Product2,P00002,Henry,Associate,Middle,10,4500.00," 1,598.4 "
19-Jan-12,1681,03-02-2012,First Class,HE-ST-01,HERNANDEZ Stugart,Consumer,Product1,P00001,Henry,Associate,West,8,11280.00," 3,959.3 "
20-Jan-12,1682,04-02-2012,Same Day,MO-LO-01,MOORE Lomonaco,Home Office,Product2,P00002,Henry,Associate,West,10,8175.00," 2,451.8 "
21-Jan-12,1683,05-02-2012,Standard Class,MA-CO-01,MARTIN Coram,Corporate,Product3,P00003,Henry,Associate,Middle,8,6912.00," 3,209.0 "
22-Jan-12,1684,06-02-2012,Second Class,JA-AD-01,JACKSON Adams,Corporate,Product1,P00001,Henry,Associate,Middle,10,9525.00," 3,089.0 "
23-Jan-12,1685,07-02-2012,Standard Class,TH-JO-01,THOMPSON Jones,Corporate,Product2,P00002,Henry,Associate,Middle,10,8955.00," 1,049.2 "
24-Jan-12,2055,08-02-2012,Standard Class,WH-EI-01,WHITE Eichhorn,Consumer,Product3,P00003,Henry,Associate,North,10,10100.00," 1,452.8 "
25-Jan-12,2056,09-02-2012,First Class,LO-PR-01,LOPEZ Prescott,Corporate,Product1,P00001,Henry,Associate,North,10,8280.00," 3,417.6 "
26-Jan-12,2057,10-02-2012,Same Day,LE-KA-01,LEE Kamberova,Consumer,Product2,P00002,Henry,Associate,North,9,6831.00," 4,264.8 "
27-Jan-12,2058,11-02-2012,First Class,GO-ZY-01,GONZALEZ Zydlo,Consumer,Product3,P00003,Henry,Associate,West,6,1444.50," 1,412.7 "
28-Jan-12,2059,12-02-2012,Standard Class,MO-RA-01,MORENO Ratner,Consumer,Product1,P00001,Henry,Associate,West,8,8688.00," 1,366.6 "
29-Jan-12,1695,13-02-2012,Second Class,SC-HE-01,SCHMIDT Hernandez,Home Office,Product3,P00003,Henry,Associate,North,10,4545.00," 1,736.2 "
30-Jan-12,2060,14-02-2012,Standard Class,PA-RU-01,PATEL Rupert,Consumer,Product2,P00002,Henry,Associate,West,6,7605.00, 948.8 
31-Jan-12,1696,15-02-2012,Same Day,FE-LU-01,FERGUSON Lucas,Home Office,Product1,P00001,Henry,Associate,North,9,2497.50," 1,824.7 "
1-Feb-12,2061,16-02-2012,Standard Class,NI-CO-01,NICHOLS Coyne,Corporate,Product3,P00003,Henry,Associate,Middle,9,12510.00, 754.4 
2-Feb-12,1697,17-02-2012,First Class,HE-GR-01,HERRERA Greer,Corporate,Product2,P00002,Henry,Associate,North,7,2404.50," 1,045.5 "
3-Feb-12,2062,18-02-2012,First Class,ME-WI-01,MEDINA Williams,Corporate,Product1,P00001,Henry,Associate,Middle,9,10665.00, 868.1 
4-Feb-12,1698,19-02-2012,Same Day,RY-LI-01,RYAN liebe,Corporate,Product3,P00003,Henry,Associate,West,7,1685.25," 1,372.5 "
5-Feb-12,2063,20-02-2012,Standard Class,FE-CH-01,FERNANDEZ Chand,Consumer,Product2,P00002,Henry,Associate,Middle,9,10692.00," 2,301.5 "
6-Feb-12,1699,21-02-2012,First Class,WE-CA-01,WEAVER Cano,Consumer,Product1,P00001,Henry,Associate,West,8,1512.00," 1,312.4 "
7-Feb-12,2064,22-02-2012,Standard Class,DA-BA-01,DANIELS Barreto,Consumer,Product3,P00003,Henry,Associate,North,8,4428.00," 3,605.5 "
8-Feb-12,1700,23-02-2012,First Class,ST-PH-01,STEPHENS Phonely,Corporate,Product2,P00002,Henry,Associate,West,10,2580.00," 2,085.2 "
9-Feb-12,2065,24-02-2012,Second Class,GA-BE-01,GARDNER Bern,Consumer,Product1,P00001,Henry,Associate,North,7,5712.00," 1,753.0 "
10-Feb-12,1701,25-02-2012,Second Class,PA-PR-01,PAYNE Prescott,Corporate,Product3,P00003,Henry,Associate,Middle,7,8379.00," 4,282.2 "
11-Feb-12,2066,26-02-2012,First Class,KE-MA-01,KELLEY Matthias,Consumer,Product2,P00002,Henry,Associate,North,7,8662.50," 5,223.5 "
12-Feb-12,1702,27-02-2012,Standard Class,DU-RA-01,DUNN Radford,Consumer,Product1,P00001,Henry,Associate,Middle,6,12285.00," 4,660.9 "
13-Feb-12,2067,28-02-2012,Standard Class,PI-MC-01,PIERCE McCrossin,Consumer,Product3,P00003,Henry,Associate,West,8,9600.00, 739.9 
14-Feb-12,1703,29-02-2012,Standard Class,AR-LA-01,ARNOLD Lacy,Consumer,Product2,P00002,Henry,Associate,Middle,10,12825.00," 2,907.9 "
15-Feb-12,2068,01-03-2012,Standard Class,TR-ME-01,TRAN Merwin,Home Office,Product1,P00001,Henry,Associate,West,10,6780.00," 2,981.8 "
16-Feb-12,1704,02-03-2012,Second Class,SP-PH-01,SPENCER Philippe,Consumer,Product3,P00003,Henry,Associate,North,10,4420.00," 1,985.9 "
17-Feb-12,2069,03-03-2012,Second Class,PE-KE-01,PETERS Kelty,Consumer,Product2,P00002,Henry,Associate,West,7,8925.00," 3,200.5 "
18-Feb-12,1705,04-03-2012,First Class,HA-HU-01,HAWKINS Huthwaite,Home Office,Product1,P00001,Henry,Associate,North,6,5643.00," 3,086.3 "
19-Feb-12,2070,05-03-2012,Standard Class,GR-MC-01,GRANT McGarr,Consumer,Product3,P00003,Henry,Associate,Middle,6,3132.00," 1,762.2 "
20-Feb-12,1706,06-03-2012,Second Class,HA-MA-01,HANSEN MacIntyre,Corporate,Product2,P00002,Henry,Associate,North,10,1830.00," 2,663.0 "
21-Feb-12,2071,07-03-2012,Second Class,CA-PR-01,CASTRO Prost,Home Office,Product1,P00001,Henry,Associate,Middle,8,1608.00," 1,651.3 "
22-Feb-12,1707,08-03-2012,First Class,HO-WA-01,HOFFMAN Waldorf,Consumer,Product3,P00003,Henry,Associate,West,10,4160.00," 1,432.3 "
23-Feb-12,2072,09-03-2012,Second Class,HA-MO-01,HART Morse,Consumer,Product2,P00002,Henry,Associate,Middle,10,8240.00," 1,837.5 "
24-Feb-12,1708,10-03-2012,First Class,EL-ET-01,ELLIOTT Etezadi,Home Office,Product1,P00001,Henry,Associate,West,8,11040.00," 2,812.1 "
25-Feb-12,2073,11-03-2012,Standard Class,CU-SC-01,CUNNINGHAM Schnelling,Corporate,Product3,P00003,Henry,Associate,North,6,10890.00," 4,779.6 "
26-Feb-12,1709,12-03-2012,Same Day,KN-HA-01,KNIGHT Hansen,Home Office,Product2,P00002,Henry,Associate,West,8,12480.00," 2,013.3 "
27-Feb-12,2074,13-03-2012,Standard Class,BR-ET-01,BRADLEY Etezadi,Home Office,Product1,P00001,Henry,Associate,North,6,2196.00, 927.4 
28-Feb-12,1710,14-03-2012,Second Class,CA-CL-01,CARROLL Clasen,Corporate,Product3,P00003,Henry,Associate,Middle,9,11655.00," 2,583.2 "
1-Mar-12,2075,16-03-2012,Standard Class,HU-TA-01,HUDSON Takahito,Home Office,Product2,P00002,Henry,Associate,North,10,8520.00," 2,055.0 "
2-Mar-12,1711,17-03-2012,First Class,DU-BR-01,DUNCAN Brown,Consumer,Product1,P00001,Henry,Associate,Middle,8,7680.00, 713.1 
3-Mar-12,2076,18-03-2012,Same Day,AR-JO-01,ARMSTRONG Jordon,Consumer,Product3,P00003,Henry,Associate,West,9,13050.00," 2,082.8 "
4-Mar-12,1712,19-03-2012,Standard Class,BE-DA-01,BERRY Daly,Consumer,Product2,P00002,Henry,Associate,Middle,9,11745.00, 871.2 
5-Mar-12,2077,20-03-2012,Standard Class,AN-AS-01,ANDREWS Ashbrook,Home Office,Product1,P00001,Henry,Associate,West,6,13005.00," 2,521.9 "
1-Jan-12,2161,16-01-2012,Second Class,FE-SC-01,FERGUSON Schnelling,Consumer,Product1,P00001,Justin,Sr. Associate,Middle,7,9870.00," 1,342.7 "
2-Jan-12,1797,17-01-2012,Same Day,NI-MI-01,NICHOLS Miller,Consumer,Product3,P00003,Justin,Sr. Associate,West,9,2092.50," 1,782.8 "
3-Jan-12,2162,18-01-2012,Standard Class,HE-AP-01,HERRERA Applegate,Consumer,Product2,P00002,Justin,Sr. Associate,Middle,7,4158.00, 816.8 
5-Jan-12,1798,20-01-2012,Second Class,ME-BR-01,MEDINA Brown,Consumer,Product1,P00001,Justin,Sr. Associate,West,6,7506.00," 2,502.5 "
6-Jan-12,2163,21-01-2012,First Class,RY-TR-01,RYAN Tran,Home Office,Product3,P00003,Justin,Sr. Associate,North,10,4470.00, 841.3 
7-Jan-12,1799,22-01-2012,Second Class,FE-FE-01,FERNANDEZ Ferguson,Consumer,Product2,P00002,Justin,Sr. Associate,West,8,8496.00," 1,601.1 "
8-Jan-12,2164,23-01-2012,First Class,WE-TR-01,WEAVER Tran,Home Office,Product1,P00001,Justin,Sr. Associate,North,10,5860.00," 3,560.0 "
9-Jan-12,1800,24-01-2012,Same Day,DA-SM-01,DANIELS Smith,Consumer,Product3,P00003,Justin,Sr. Associate,Middle,9,14107.50," 5,919.5 "
10-Jan-12,2165,25-01-2012,Standard Class,ST-MU-01,STEPHENS Murray,Home Office,Product2,P00002,Justin,Sr. Associate,North,10,5670.00," 3,617.5 "
11-Jan-12,1801,26-01-2012,Same Day,GA-BL-01,GARDNER Blume,Corporate,Product1,P00001,Justin,Sr. Associate,Middle,9,12555.00," 1,511.6 "
12-Jan-12,2166,27-01-2012,Standard Class,PA-ST-01,PAYNE Stevenson,Home Office,Product3,P00003,Justin,Sr. Associate,West,8,4160.00," 3,684.7 "
13-Jan-12,1802,28-01-2012,Standard Class,KE-BE-01,KELLEY Bern,Corporate,Product2,P00002,Justin,Sr. Associate,Middle,7,1974.00," 2,703.6 "
14-Jan-12,2167,29-01-2012,Second Class,DU-FE-01,DUNN Ferguson,Consumer,Product1,P00001,Justin,Sr. Associate,West,9,4819.50," 1,896.0 "
15-Jan-12,1803,30-01-2012,Standard Class,PI-CO-01,PIERCE Cousins,Corporate,Product3,P00003,Justin,Sr. Associate,North,8,6912.00," 1,589.3 "
16-Jan-12,2168,31-01-2012,Standard Class,AR-CA-01,ARNOLD Carroll,Consumer,Product2,P00002,Justin,Sr. Associate,West,7,5811.75," 4,338.5 "
17-Jan-12,1804,01-02-2012,First Class,TR-HI-01,TRAN Hildebrand,Home Office,Product1,P00001,Justin,Sr. Associate,North,7,9502.50, 634.6 
18-Jan-12,2169,02-02-2012,First Class,SP-MA-01,SPENCER Maddox,Consumer,Product3,P00003,Justin,Sr. Associate,Middle,8,9720.00," 1,332.0 "
19-Jan-12,1805,03-02-2012,Standard Class,PE-ST-01,PETERS Stugart,Consumer,Product2,P00002,Justin,Sr. Associate,North,10,5400.00," 3,489.3 "
20-Jan-12,2170,04-02-2012,Standard Class,HA-MI-01,HAWKINS Miller,Home Office,Product1,P00001,Justin,Sr. Associate,Middle,6,8032.50," 2,061.5 "
21-Jan-12,1806,05-02-2012,Second Class,GR-AR-01,GRANT Arnett,Home Office,Product3,P00003,Justin,Sr. Associate,West,6,2133.00," 4,209.5 "
22-Jan-12,2171,06-02-2012,First Class,HA-BR-01,HANSEN Brooks,Consumer,Product2,P00002,Justin,Sr. Associate,Middle,10,4980.00," 1,633.4 "
23-Jan-12,1807,07-02-2012,Second Class,CA-SH-01,CASTRO Shariari,Consumer,Product1,P00001,Justin,Sr. Associate,West,6,3582.00, 765.7 
24-Jan-12,2172,08-02-2012,Second Class,HO-MO-01,HOFFMAN Moss,Corporate,Product3,P00003,Justin,Sr. Associate,North,8,12540.00," 1,075.7 "
25-Jan-12,1808,09-02-2012,First Class,HA-CR-01,HART Creighton,Consumer,Product2,P00002,Justin,Sr. Associate,West,10,7335.00," 2,410.3 "
26-Jan-12,2173,10-02-2012,First Class,EL-CH-01,ELLIOTT Chand,Corporate,Product1,P00001,Justin,Sr. Associate,North,10,2265.00," 4,442.8 "
27-Jan-12,1809,11-02-2012,Standard Class,CU-WE-01,CUNNINGHAM Wendt,Home Office,Product3,P00003,Justin,Sr. Associate,Middle,7,7812.00," 2,996.7 "
28-Jan-12,2174,12-02-2012,Standard Class,KN-WA-01,KNIGHT Waco,Corporate,Product2,P00002,Justin,Sr. Associate,North,8,2484.00, 874.1 
29-Jan-12,1810,13-02-2012,Second Class,BR-AR-01,BRADLEY Arnett,Home Office,Product1,P00001,Justin,Sr. Associate,Middle,6,6156.00, 757.4 
30-Jan-12,2175,14-02-2012,Standard Class,CA-MA-01,CARROLL MacIntyre,Corporate,Product3,P00003,Justin,Sr. Associate,West,8,9936.00, 910.1 
31-Jan-12,1811,15-02-2012,Second Class,HU-SA-01,HUDSON Sayre,Corporate,Product2,P00002,Justin,Sr. Associate,Middle,6,1620.00," 2,450.7 "
1-Feb-12,2176,16-02-2012,Second Class,DU-O'-01,DUNCAN O'Connel,Home Office,Product1,P00001,Justin,Sr. Associate,West,8,4176.00," 4,690.7 "
2-Feb-12,1812,17-02-2012,First Class,AR-RE-01,ARMSTRONG Reiter,Consumer,Product3,P00003,Justin,Sr. Associate,North,6,5548.50," 2,380.3 "
3-Feb-12,2177,18-02-2012,Standard Class,BE-YE-01,BERRY Yedwab,Corporate,Product2,P00002,Justin,Sr. Associate,West,6,7641.00," 1,739.6 "
4-Feb-12,1813,19-02-2012,Standard Class,AN-SE-01,ANDREWS Seite,Consumer,Product1,P00001,Justin,Sr. Associate,North,8,9696.00," 3,047.5 "
5-Feb-12,2178,20-02-2012,Standard Class,JO-WA-01,JOHNSTON Ward,Corporate,Product3,P00003,Justin,Sr. Associate,Middle,7,7087.50," 2,957.9 "
6-Feb-12,1814,21-02-2012,Standard Class,RA-GO-01,RAY Goldwyn,Corporate,Product2,P00002,Justin,Sr. Associate,North,6,1539.00," 1,813.6 "
7-Feb-12,2179,22-02-2012,First Class,LA-GA-01,LANE Gastineau,Home Office,Product1,P00001,Justin,Sr. Associate,Middle,7,4998.00," 2,040.2 "
8-Feb-12,1815,23-02-2012,Standard Class,RI-CA-01,RILEY Catini,Consumer,Product3,P00003,Justin,Sr. Associate,West,7,4410.00," 3,461.9 "
9-Feb-12,2180,24-02-2012,Second Class,CA-LA-01,CARPENTER Latchford,Consumer,Product2,P00002,Justin,Sr. Associate,Middle,9,7249.50," 3,633.2 "
10-Feb-12,1816,25-02-2012,Standard Class,PE-HO-01,PERKINS House,Corporate,Product1,P00001,Justin,Sr. Associate,West,10,1635.00," 3,072.2 "
11-Feb-12,2181,26-02-2012,Standard Class,AG-BR-01,AGUILAR Brooks,Consumer,Product3,P00003,Justin,Sr. Associate,North,8,2376.00," 1,641.3 "
12-Feb-12,1817,27-02-2012,Second Class,SI-KI-01,SILVA Kimmel,Consumer,Product2,P00002,Justin,Sr. Associate,West,10,8175.00," 1,896.3 "
13-Feb-12,2182,28-02-2012,Standard Class,RI-SA-01,RICHARDS Savely,Corporate,Product1,P00001,Justin,Sr. Associate,North,9,13140.00," 4,216.4 "
14-Feb-12,1818,29-02-2012,First Class,WI-HW-01,WILLIS Hwang,Home Office,Product3,P00003,Justin,Sr. Associate,Middle,7,5811.75," 3,467.7 "
15-Feb-12,2183,01-03-2012,Standard Class,JA-TO-01,James Tom,Consumer,Product2,P00002,Justin,Sr. Associate,North,8,2400.00, 976.8 
16-Feb-12,1819,02-03-2012,Standard Class,DA-PI-01,David Pistek,Consumer,Product1,P00001,Justin,Sr. Associate,Middle,9,6237.00, 919.1 
17-Feb-12,2184,03-03-2012,Standard Class,TO-HA-01,Tom Alter Haberlin,Corporate,Product3,P00003,Justin,Sr. Associate,West,7,2268.00, 827.8 
18-Feb-12,1820,04-03-2012,Second Class,JA-CH-01,James Chen,Consumer,Product2,P00002,Justin,Sr. Associate,Middle,10,8880.00," 4,450.0 "
19-Feb-12,2185,05-03-2012,Standard Class,AR-SA-01,Armando Sayre,Corporate,Product1,P00001,Justin,Sr. Associate,West,6,4770.00, 976.4 
20-Feb-12,2190,06-03-2012,Same Day,AU-WE-01,AUBREY Webber,Corporate,Product1,P00001,Justin,Sr. Associate,West,6,11925.00," 3,905.7 "
21-Feb-12,1821,07-03-2012,First Class,BA-SW-01,BASIL Sweed,Corporate,Product3,P00003,Justin,Sr. Associate,North,8,3072.00," 2,750.7 "
22-Feb-12,2186,08-03-2012,Second Class,AU-KR-01,AUSTIN Kriz,Consumer,Product2,P00002,Justin,Sr. Associate,West,10,2660.00," 5,040.7 "
23-Feb-12,2191,09-03-2012,Second Class,BE-OR-01,BERNARD Ordway,Consumer,Product2,P00002,Justin,Sr. Associate,West,10,2660.00," 4,032.6 "
24-Feb-12,1822,10-03-2012,Second Class,BL-GI-01,BLAKE Gilcrest,Corporate,Product1,P00001,Justin,Sr. Associate,North,10,2475.00," 1,058.8 "
25-Feb-12,2187,11-03-2012,Same Day,SM-UL-01,SMITH Ulpright,Home Office,Product3,P00003,Justin,Sr. Associate,Middle,9,2097.00, 867.9 
26-Feb-12,2192,12-03-2012,First Class,JO-CR-01,JOHNSON Creighton,Corporate,Product3,P00003,Justin,Sr. Associate,Middle,9,2097.00," 3,471.8 "
27-Feb-12,1823,13-03-2012,Second Class,WI-GR-01,WILLIAMS Grady,Corporate,Product2,P00002,Justin,Sr. Associate,North,6,7627.50," 1,443.9 "
28-Feb-12,2188,14-03-2012,Standard Class,BR-BR-01,BROWN Brumley,Home Office,Product1,P00001,Justin,Sr. Associate,Middle,7,3045.00," 2,037.7 "
1-Mar-12,2193,16-03-2012,Second Class,JO-DA-01,JONES Daniels,Consumer,Product1,P00001,Justin,Sr. Associate,Middle,7,1522.50, 509.4 
2-Mar-12,1824,17-03-2012,First Class,MI-MA-01,MILLER Martin,Consumer,Product3,P00003,Justin,Sr. Associate,West,6,13230.00," 5,757.7 "
3-Mar-12,2189,18-03-2012,Second Class,DA-VI-01,DAVIS Visinsky,Consumer,Product2,P00002,Justin,Sr. Associate,Middle,9,6378.75," 2,721.6 "
4-Mar-12,2194,19-03-2012,First Class,GA-HA-01,GARCIA Hawkins,Corporate,Product2,P00002,Justin,Sr. Associate,Middle,9,4252.50," 3,402.0 "
5-Mar-12,2195,20-03-2012,Same Day,RO-BR-01,RODRIGUEZ Brown,Consumer,Product1,P00001,Justin,Sr. Associate,North,8,4776.00," 2,532.5 "
1-Jan-12,2616,16-01-2012,Standard Class,HU-ST-01,HUDSON Stewart,Corporate,Product3,P00003,Sindy,Associate,West,8,9744.00, 904.7 
2-Jan-12,2251,17-01-2012,Same Day,DU-HI-01,DUNCAN Hildebrand,Home Office,Product1,P00001,Sindy,Associate,Middle,8,9600.00, 741.1 
3-Jan-12,2617,18-01-2012,Standard Class,AR-GA-01,ARMSTRONG Gainer,Consumer,Product1,P00001,Sindy,Associate,West,10,14450.00," 2,875.8 "
5-Jan-12,2252,20-01-2012,Second Class,BE-BI-01,BERRY Bixby,Consumer,Product2,P00002,Sindy,Associate,Middle,10,10750.00, 928.6 
6-Jan-12,2618,21-01-2012,Second Class,AN-SW-01,ANDREWS Sweed,Corporate,Product2,P00002,Sindy,Associate,West,8,2520.00," 2,920.4 "
7-Jan-12,2253,22-01-2012,Second Class,JO-BR-01,JOHNSTON Braxton,Corporate,Product3,P00003,Sindy,Associate,North,6,1674.00, 571.2 
8-Jan-12,2619,23-01-2012,First Class,RA-PE-01,RAY Peterman,Corporate,Product3,P00003,Sindy,Associate,Middle,8,6084.00," 4,072.2 "
9-Jan-12,2254,24-01-2012,Standard Class,LA-HO-01,LANE Hoffman,Consumer,Product1,P00001,Sindy,Associate,North,7,11466.00," 5,305.9 "
10-Jan-12,2620,25-01-2012,Standard Class,RI-SA-01,RILEY Savely,Corporate,Product1,P00001,Sindy,Associate,Middle,9,2529.00," 1,095.3 "
11-Jan-12,2622,26-01-2012,Standard Class,CA-MA-01,CARPENTER MacKendrick,Consumer,Product3,P00003,Sindy,Associate,North,9,5386.50," 2,413.7 "
12-Jan-12,2623,27-01-2012,Standard Class,PE-CA-01,PERKINS Calhoun,Consumer,Product1,P00001,Sindy,Associate,North,6,8928.00," 3,718.5 "
13-Jan-12,2624,28-01-2012,Standard Class,AG-ET-01,AGUILAR Etezadi,Home Office,Product2,P00002,Sindy,Associate,North,9,5346.00," 5,565.2 "
14-Jan-12,2625,29-01-2012,First Class,SI-PR-01,SILVA Prichep,Consumer,Product3,P00003,Sindy,Associate,West,7,11103.75," 2,948.0 "
15-Jan-12,2626,30-01-2012,Standard Class,RI-VA-01,RICHARDS Van,Corporate,Product1,P00001,Sindy,Associate,West,6,1872.00," 1,645.1 "
16-Jan-12,2262,31-01-2012,Standard Class,WI-CH-01,WILLIS Chong,Corporate,Product3,P00003,Sindy,Associate,North,9,1984.50," 1,617.0 "
17-Jan-12,2627,01-02-2012,First Class,JA-PE-01,James Pelletier,Home Office,Product2,P00002,Sindy,Associate,West,6,7344.00," 5,129.8 "
18-Jan-12,2263,02-02-2012,Same Day,DA-BR-01,David Brennan,Corporate,Product1,P00001,Sindy,Associate,North,9,12645.00," 2,667.6 "
19-Jan-12,2628,03-02-2012,First Class,TO-TU-01,Tom Alter Turnell,Home Office,Product3,P00003,Sindy,Associate,Middle,6,5751.00," 3,564.7 "
20-Jan-12,2264,04-02-2012,Standard Class,JA-ST-01,James Stobb,Consumer,Product2,P00002,Sindy,Associate,North,8,11952.00," 2,329.4 "
21-Jan-12,2629,05-02-2012,First Class,AR-RE-01,Armando Reed,Corporate,Product1,P00001,Sindy,Associate,Middle,8,9120.00," 1,475.2 "
22-Jan-12,2265,06-02-2012,Standard Class,AU-CR-01,AUBREY Crouse,Corporate,Product3,P00003,Sindy,Associate,West,10,5520.00," 4,529.2 "
23-Jan-12,2630,07-02-2012,First Class,BA-PI-01,BASIL Pippenger,Consumer,Product2,P00002,Sindy,Associate,Middle,8,4048.00," 3,422.2 "
24-Jan-12,2266,08-02-2012,Second Class,AU-GL-01,AUSTIN Glotzbach,Home Office,Product1,P00001,Sindy,Associate,West,8,2106.00, 719.0 
25-Jan-12,2631,09-02-2012,First Class,BE-GO-01,BERNARD Gonzalez,Consumer,Product3,P00003,Sindy,Associate,North,9,10215.00," 2,739.1 "
26-Jan-12,2267,10-02-2012,Second Class,BL-RO-01,BLAKE Rozendal,Home Office,Product2,P00002,Sindy,Associate,West,8,3960.00," 1,251.8 "
27-Jan-12,2632,11-02-2012,First Class,SM-RI-01,SMITH Ritter,Consumer,Product1,P00001,Sindy,Associate,North,10,10200.00," 3,237.5 "
28-Jan-12,2268,12-02-2012,First Class,JO-CH-01,JOHNSON Chance,Corporate,Product3,P00003,Sindy,Associate,Middle,9,5022.00," 1,969.6 "
29-Jan-12,2633,13-02-2012,Standard Class,WI-AR-01,WILLIAMS Arntzen,Consumer,Product2,P00002,Sindy,Associate,North,9,2349.00, 732.9 
30-Jan-12,2269,14-02-2012,First Class,BR-TH-01,BROWN Thompson,Consumer,Product1,P00001,Sindy,Associate,Middle,8,4716.00," 3,420.7 "
31-Jan-12,2634,15-02-2012,Standard Class,JO-TH-01,JONES Thompson,Home Office,Product3,P00003,Sindy,Associate,West,10,8460.00," 4,686.8 "
1-Feb-12,2270,16-02-2012,First Class,MI-CO-01,MILLER Conant,Consumer,Product2,P00002,Sindy,Associate,Middle,10,7515.00," 1,917.3 "
2-Feb-12,2635,17-02-2012,First Class,DA-GI-01,DAVIS Gillingham,Corporate,Product1,P00001,Sindy,Associate,West,7,4772.25," 2,592.1 "
3-Feb-12,2271,18-02-2012,First Class,GA-CA-01,GARCIA Catini,Consumer,Product3,P00003,Sindy,Associate,North,10,4140.00, 706.1 
4-Feb-12,2636,19-02-2012,Second Class,RO-EA-01,RODRIGUEZ Eaton,Consumer,Product2,P00002,Sindy,Associate,West,10,5880.00," 4,880.4 "
5-Feb-12,2272,20-02-2012,First Class,WI-BR-01,WILSON Braden,Consumer,Product1,P00001,Sindy,Associate,North,9,8464.50," 2,866.1 "
6-Feb-12,2637,21-02-2012,First Class,MA-SC-01,MARTINEZ Schmidt,Corporate,Product3,P00003,Sindy,Associate,Middle,10,8360.00," 3,410.0 "
7-Feb-12,2273,22-02-2012,Same Day,AN-NO-01,ANDERSON Norvell,Corporate,Product2,P00002,Sindy,Associate,North,10,12300.00," 4,463.7 "
8-Feb-12,2638,23-02-2012,Second Class,TA-EP-01,TAYLOR Eplett,Home Office,Product1,P00001,Sindy,Associate,Middle,9,1741.50," 1,337.1 "
9-Feb-12,2274,24-02-2012,Second Class,TH-HU-01,THOMAS Huthwaite,Consumer,Product3,P00003,Sindy,Associate,West,7,1932.00," 4,193.4 "
10-Feb-12,2639,25-02-2012,First Class,HE-SE-01,HERNANDEZ Seite,Consumer,Product2,P00002,Sindy,Associate,Middle,10,2085.00, 822.3 
11-Feb-12,2275,26-02-2012,Standard Class,MO-BL-01,MOORE Blumstein,Consumer,Product1,P00001,Sindy,Associate,West,10,5640.00," 2,078.3 "
12-Feb-12,2658,27-02-2012,Second Class,MA-WI-01,MARTIN Willingham,Home Office,Product3,P00003,Sindy,Associate,North,7,2016.00," 1,776.1 "
13-Feb-12,2659,28-02-2012,Second Class,JA-WE-01,JACKSON Weimer,Consumer,Product1,P00001,Sindy,Associate,North,10,4890.00, 926.9 
14-Feb-12,2660,29-02-2012,First Class,TH-CA-01,THOMPSON Cartwright,Consumer,Product2,P00002,Sindy,Associate,North,10,8850.00," 2,768.3 "
15-Feb-12,2661,01-03-2012,Second Class,WH-RA-01,WHITE Radford,Consumer,Product3,P00003,Sindy,Associate,West,6,5859.00," 3,330.8 "
16-Feb-12,2662,02-03-2012,First Class,LO-HO-01,LOPEZ Hooks,Corporate,Product1,P00001,Sindy,Associate,West,10,7785.00," 1,109.1 "
17-Feb-12,2298,03-03-2012,First Class,LE-BR-01,LEE Breyer,Corporate,Product3,P00003,Sindy,Associate,North,8,6876.00," 4,302.1 "
18-Feb-12,2383,04-03-2012,Standard Class,GO-SO-01,GONZALEZ Sorensen,Corporate,Product1,P00001,Sindy,Associate,West,10,11000.00, 811.6 
19-Feb-12,2748,05-03-2012,Same Day,MO-OL-01,MORENO Olsen,Consumer,Product3,P00003,Sindy,Associate,North,8,14160.00," 1,010.7 "
20-Feb-12,2384,06-03-2012,Standard Class,SC-VA-01,SCHMIDT Van,Corporate,Product2,P00002,Sindy,Associate,West,7,4851.00," 2,858.9 "
21-Feb-12,2749,07-03-2012,Standard Class,PA-FE-01,PATEL Ferguson,Consumer,Product1,P00001,Sindy,Associate,North,7,10500.00, 872.8 
22-Feb-12,2385,08-03-2012,First Class,FE-AN-01,FERGUSON Andreada,Consumer,Product3,P00003,Sindy,Associate,Middle,10,13700.00," 2,335.0 "
23-Feb-12,2750,09-03-2012,Second Class,NI-KE-01,NICHOLS Kelty,Consumer,Product2,P00002,Sindy,Associate,North,10,12450.00," 4,834.3 "
24-Feb-12,2386,10-03-2012,Standard Class,HE-SH-01,HERRERA Shifley,Corporate,Product1,P00001,Sindy,Associate,Middle,7,4368.00," 3,318.6 "
25-Feb-12,2751,11-03-2012,Standard Class,ME-PH-01,MEDINA Phan,Corporate,Product3,P00003,Sindy,Associate,West,9,1795.50," 1,237.5 "
26-Feb-12,2387,12-03-2012,First Class,RY-BE-01,RYAN Bellavance,Home Office,Product2,P00002,Sindy,Associate,Middle,6,9036.00," 3,571.5 "
27-Feb-12,2752,13-03-2012,Standard Class,FE-MI-01,FERNANDEZ Mitchell,Home Office,Product1,P00001,Sindy,Associate,West,10,8100.00," 1,702.2 "
28-Feb-12,2388,14-03-2012,Standard Class,WE-TH-01,WEAVER Thompson,Consumer,Product3,P00003,Sindy,Associate,North,7,1669.50," 3,289.7 "
1-Mar-12,2753,16-03-2012,First Class,DA-BR-01,DANIELS Bradley,Consumer,Product2,P00002,Sindy,Associate,West,8,6888.00," 1,569.5 "
2-Mar-12,2389,17-03-2012,Standard Class,ST-WE-01,STEPHENS Weiss,Consumer,Product1,P00001,Sindy,Associate,North,8,3744.00, 681.4 
3-Mar-12,2754,18-03-2012,Second Class,GA-RO-01,GARDNER Roberts,Consumer,Product3,P00003,Sindy,Associate,Middle,10,2205.00, 665.7 
4-Mar-12,2390,19-03-2012,Second Class,PA-GA-01,PAYNE Gainer,Consumer,Product2,P00002,Sindy,Associate,North,8,11200.00," 1,729.3 "
5-Mar-12,2755,20-03-2012,First Class,KE-BL-01,KELLEY Blume,Corporate,Product1,P00001,Sindy,Associate,Middle,9,8676.00," 2,805.2 "
1-Jan-12,2461,16-01-2012,First Class,JO-BE-01,JONES Bern,Consumer,Product1,P00001,Paul,Associate,North,10,8370.00," 3,261.0 "
2-Jan-12,2826,17-01-2012,Standard Class,MI-FE-01,MILLER Ferguson,Consumer,Product3,P00003,Paul,Associate,Middle,6,10080.00," 2,938.6 "
3-Jan-12,2462,18-01-2012,First Class,DA-KO-01,DAVIS Koutras,Consumer,Product2,P00002,Paul,Associate,North,6,7560.00," 2,281.6 "
5-Jan-12,2827,20-01-2012,Second Class,GA-AR-01,GARCIA Armstrong,Consumer,Product1,P00001,Paul,Associate,Middle,8,7248.00," 1,923.3 "
6-Jan-12,2463,21-01-2012,Second Class,RO-PR-01,RODRIGUEZ Preis,Consumer,Product3,P00003,Paul,Associate,West,10,14025.00," 1,848.5 "
7-Jan-12,2828,22-01-2012,Same Day,WI-TH-01,WILSON Thornton,Consumer,Product2,P00002,Paul,Associate,Middle,8,2256.00," 1,967.2 "
8-Jan-12,2464,23-01-2012,Second Class,MA-AN-01,MARTINEZ Andreada,Consumer,Product1,P00001,Paul,Associate,West,6,11002.50," 4,562.7 "
9-Jan-12,2829,24-01-2012,Second Class,AN-RY-01,ANDERSON Ryan,Consumer,Product3,P00003,Paul,Associate,North,10,10300.00," 2,440.5 "
10-Jan-12,2465,25-01-2012,Standard Class,TA-FO-01,TAYLOR Fortune-,Consumer,Product2,P00002,Paul,Associate,West,8,5832.00," 1,251.3 "
11-Jan-12,2830,26-01-2012,Standard Class,TH-WI-01,THOMAS Witt,Consumer,Product1,P00001,Paul,Associate,North,7,2173.50," 3,364.6 "
12-Jan-12,2466,27-01-2012,Standard Class,HE-GA-01,HERNANDEZ Gayman,Consumer,Product3,P00003,Paul,Associate,Middle,6,3546.00," 2,980.8 "
13-Jan-12,2831,28-01-2012,Standard Class,MO-JA-01,MOORE Jackson,Corporate,Product2,P00002,Paul,Associate,North,6,6439.50, 901.3 
14-Jan-12,2467,29-01-2012,Standard Class,MA-DA-01,MARTIN Dahlen,Consumer,Product1,P00001,Paul,Associate,Middle,10,14300.00," 5,694.3 "
15-Jan-12,2832,30-01-2012,First Class,JA-GA-01,JACKSON Garverick,Home Office,Product3,P00003,Paul,Associate,West,8,12060.00," 2,411.0 "
16-Jan-12,2468,31-01-2012,Standard Class,TH-EN-01,THOMPSON Engle,Consumer,Product2,P00002,Paul,Associate,Middle,9,4104.00, 632.2 
17-Jan-12,2833,01-02-2012,Same Day,WH-MO-01,WHITE Moffitt,Corporate,Product1,P00001,Paul,Associate,West,8,10640.00," 2,694.0 "
18-Jan-12,2469,02-02-2012,First Class,LO-MA-01,LOPEZ Martin,Consumer,Product3,P00003,Paul,Associate,North,6,3654.00," 2,649.9 "
19-Jan-12,2834,03-02-2012,First Class,LE-LU-01,LEE Lucas,Consumer,Product2,P00002,Paul,Associate,West,8,7440.00," 1,705.2 "
20-Jan-12,2470,04-02-2012,First Class,GO-PR-01,GONZALEZ Preis,Home Office,Product1,P00001,Paul,Associate,North,10,9840.00," 3,874.5 "
21-Jan-12,2835,05-02-2012,Second Class,MO-BA-01,MORENO Barnett,Home Office,Product3,P00003,Paul,Associate,Middle,6,7128.00," 2,157.6 "
22-Jan-12,2471,06-02-2012,Standard Class,SC-DO-01,SCHMIDT Dominguez,Corporate,Product2,P00002,Paul,Associate,North,9,10440.00," 3,222.8 "
23-Jan-12,2836,07-02-2012,First Class,PA-MA-01,PATEL Matthias,Consumer,Product1,P00001,Paul,Associate,Middle,6,2412.00," 2,929.1 "
24-Jan-12,2472,08-02-2012,Standard Class,FE-CH-01,FERGUSON Christensen,Consumer,Product3,P00003,Paul,Associate,West,9,2794.50," 5,992.8 "
25-Jan-12,2837,09-02-2012,First Class,NI-CA-01,NICHOLS Catlett,Corporate,Product2,P00002,Paul,Associate,Middle,8,2988.00," 1,167.4 "
26-Jan-12,2473,10-02-2012,First Class,HE-O'-01,HERRERA O'Carroll,Consumer,Product1,P00001,Paul,Associate,West,7,4830.00," 3,731.2 "
27-Jan-12,2838,11-02-2012,Standard Class,ME-PR-01,MEDINA Preis,Consumer,Product3,P00003,Paul,Associate,North,8,8760.00," 1,515.8 "
28-Jan-12,2474,12-02-2012,Second Class,RY-MO-01,RYAN Moren,Home Office,Product2,P00002,Paul,Associate,West,6,1377.00, 533.3 
29-Jan-12,2839,13-02-2012,First Class,FE-OV-01,FERNANDEZ Overcash,Home Office,Product1,P00001,Paul,Associate,North,8,10704.00," 1,048.2 "
30-Jan-12,2475,14-02-2012,Standard Class,WE-KI-01,WEAVER Kirkland,Corporate,Product3,P00003,Paul,Associate,Middle,7,4830.00," 3,560.7 "
31-Jan-12,2840,15-02-2012,Standard Class,DA-HE-01,DANIELS Hernandez,Home Office,Product2,P00002,Paul,Associate,North,9,2268.00, 990.2 
1-Feb-12,2476,16-02-2012,Standard Class,ST-GN-01,STEPHENS Gnade,Consumer,Product1,P00001,Paul,Associate,Middle,8,4656.00," 4,615.3 "
2-Feb-12,2841,17-02-2012,Second Class,GA-PR-01,GARDNER Pryor,Home Office,Product3,P00003,Paul,Associate,West,6,3510.00, 591.3 
3-Feb-12,2477,18-02-2012,Standard Class,PA-EN-01,PAYNE Engle,Consumer,Product2,P00002,Paul,Associate,Middle,10,6060.00, 601.8 
4-Feb-12,2842,19-02-2012,Same Day,KE-KL-01,KELLEY Klamczynski,Corporate,Product1,P00001,Paul,Associate,West,10,2100.00," 2,436.8 "
5-Feb-12,2478,20-02-2012,Second Class,DU-KE-01,DUNN Kennedy,Consumer,Product3,P00003,Paul,Associate,North,6,4302.00, 921.3 
6-Feb-12,2843,21-02-2012,Standard Class,PI-JA-01,PIERCE Jacobs,Consumer,Product2,P00002,Paul,Associate,West,6,4950.00," 3,771.9 "
7-Feb-12,2479,22-02-2012,Second Class,AR-MA-01,ARNOLD Maddox,Consumer,Product1,P00001,Paul,Associate,North,9,8586.00," 6,004.5 "
8-Feb-12,2844,23-02-2012,First Class,TR-WI-01,TRAN Wilson,Corporate,Product3,P00003,Paul,Associate,Middle,8,4176.00," 2,659.7 "
9-Feb-12,2480,24-02-2012,Same Day,SP-BE-01,SPENCER Bell-,Consumer,Product2,P00002,Paul,Associate,North,7,6615.00," 1,713.1 "
10-Feb-12,2845,25-02-2012,Standard Class,PE-FE-01,PETERS Ferguson,Consumer,Product1,P00001,Paul,Associate,Middle,8,7668.00," 3,252.0 "
11-Feb-12,2481,26-02-2012,Second Class,HA-FE-01,HAWKINS Ferguson,Consumer,Product3,P00003,Paul,Associate,West,9,4887.00," 3,844.8 "
12-Feb-12,2846,27-02-2012,Standard Class,GR-MI-01,GRANT Mitchum,Home Office,Product2,P00002,Paul,Associate,Middle,9,3753.00, 780.2 
13-Feb-12,2482,28-02-2012,First Class,HA-PI-01,HANSEN Pippenger,Consumer,Product1,P00001,Paul,Associate,West,9,3861.00," 3,315.6 "
14-Feb-12,2847,29-02-2012,First Class,CA-TI-01,CASTRO Tillman,Consumer,Product3,P00003,Paul,Associate,North,9,9247.50, 751.6 
15-Feb-12,2483,01-03-2012,Second Class,HO-FO-01,HOFFMAN Folk,Consumer,Product2,P00002,Paul,Associate,West,8,8424.00," 1,465.8 "
16-Feb-12,2848,02-03-2012,First Class,HA-MA-01,HART MacKendrick,Consumer,Product1,P00001,Paul,Associate,North,7,4158.00," 3,411.6 "
17-Feb-12,2484,03-03-2012,Standard Class,EL-WE-01,ELLIOTT Weiss,Consumer,Product3,P00003,Paul,Associate,Middle,9,4212.00," 2,483.0 "
18-Feb-12,2849,04-03-2012,First Class,CU-OD-01,CUNNINGHAM Odegard,Consumer,Product2,P00002,Paul,Associate,North,8,8820.00," 1,235.2 "
19-Feb-12,2485,05-03-2012,Standard Class,KN-PH-01,KNIGHT Phelps,Corporate,Product1,P00001,Paul,Associate,Middle,8,2040.00, 793.4 
20-Feb-12,2850,06-03-2012,Standard Class,BR-JO-01,BRADLEY Jones,Corporate,Product3,P00003,Paul,Associate,West,8,7152.00, 774.9 
21-Feb-12,2486,07-03-2012,Second Class,CA-ME-01,CARROLL Meador,Consumer,Product2,P00002,Paul,Associate,Middle,6,4734.00," 3,942.5 "
22-Feb-12,2851,08-03-2012,Standard Class,HU-WI-01,HUDSON Wiediger,Home Office,Product1,P00001,Paul,Associate,West,8,11376.00," 3,846.2 "
23-Feb-12,2487,09-03-2012,Standard Class,DU-KO-01,DUNCAN Kotsonis,Corporate,Product3,P00003,Paul,Associate,North,9,2173.50," 1,726.2 "
24-Feb-12,2852,10-03-2012,Standard Class,AR-MC-01,ARMSTRONG McAfee,Consumer,Product2,P00002,Paul,Associate,West,9,8073.00," 2,109.7 "
25-Feb-12,2488,11-03-2012,Second Class,BE-FO-01,BERRY Foster,Consumer,Product1,P00001,Paul,Associate,North,9,7020.00," 3,148.5 "
26-Feb-12,2853,12-03-2012,Standard Class,AN-PA-01,ANDREWS Packer,Home Office,Product3,P00003,Paul,Associate,Middle,7,5103.00, 715.4 
27-Feb-12,2489,13-03-2012,Second Class,JO-TO-01,JOHNSTON Toch,Consumer,Product2,P00002,Paul,Associate,North,8,7800.00, 487.5 
28-Feb-12,2854,14-03-2012,First Class,RA-NE-01,RAY Nelson,Corporate,Product1,P00001,Paul,Associate,Middle,9,7533.00," 1,518.7 "
1-Mar-12,2490,16-03-2012,Standard Class,LA-PA-01,LANE Patt,Corporate,Product3,P00003,Paul,Associate,West,8,13020.00, 898.4 
2-Mar-12,2855,17-03-2012,First Class,RI-SH-01,RILEY Shonely,Consumer,Product2,P00002,Paul,Associate,Middle,6,11520.00," 3,578.6 "
3-Mar-12,2491,18-03-2012,Same Day,CA-BR-01,CARPENTER Brown,Consumer,Product1,P00001,Paul,Associate,West,7,8400.00," 2,536.0 "
4-Mar-12,2856,19-03-2012,Second Class,PE-PI-01,PERKINS Pistek,Consumer,Product3,P00003,Paul,Associate,North,8,3960.00, 713.0 
5-Mar-12,2492,20-03-2012,First Class,AG-BL-01,AGUILAR Blanton,Consumer,Product2,P00002,Paul,Associate,West,10,13300.00," 1,908.8 "
